DNA Sequences,Voxels
TTTTTTTTTTTTTTTT,[000],
TTTTTTTTAGAGCAATGCGGAAACTTTTTTTT,[100 110]
TTTTTTTTCGCTGATA,[200],
TTTTTTTTTTTTTTTT,[010],
CACTACCACAAAGGCG,[310],
TTTTTTTTTACTGAGGTCATGGTCTTTTTTTT,[120 130]
TTTTTTTTCCACACCC,[220],
ACGCCTGGTAGGGTACTACACATATGGTTTCA,[320 330]
TAACAATCTTTTTTTT,[030],
GAGAAAGGTTTTTTTT,[230],
ATAGAAATCTACGGTTAGACATCGCCAAACGT,[001 101]
ATCTCGTTCCCACCAC,[201],
GAAGAGCGCGCTTGCC,[011],
CACCTATGTCCTATAA,[111],
TGGTAGTGACCGGGTG,[311],
TACATGCCACACAGTA,[121],
GCGGGCTTTGAAACCAACTACGAGACTATAAC,[221 321]
CAGGTACACTAAATAC,[031],
ATGCATTTTATGTAACTTTAATAAAGGCTGGG,[131 231]
CCAGGCGTCGTCCTGC,[331],
CTAGAGGTACGTTTGGCGCTCTTCTCAGTGCT,[002 012]
ATTTCTATGCGAGGGT,[102],
AGATAGCGGTGGTGGG,[202],
CGATTAAATTATAGGAGGCATGTATCTCTCGT,[112 122]
TTTTTTTTCACCCGGTAAGCCCGCTTGCAGGG,[312 322]
ATGTTATTGTTATAGTAAATGCATTAATAATT,[222 232]
TGTACCTGCGCCTAGG,[032],
CTTGTACACCCAGCCT,[132],
GTCTTCTGGCAGGACG,[332],
ACCTCTAGGAGAACCC,[003],
CTTCTGCGTTTTTTTTTTTTTTTTCATTCCCA,[103 203]
AGATGGAGAGCACTGATTTTTTTTAGCTGCAT,[013 113]
CAACGTTTTTTTTTTTTTTTTTTTGATCTGTT,[123 223]
TTTTTTTTTTTTTTTT,[323],
CGGAAACGTTTTTTTTTTTTTTTTCTGTGGTG,[033 133]
CTGACAAGTTTTTTTTTTTTTTTTTTTTTTTT,[233 333]


 Generated using DNA Lego,(http://www.guptalab.org/dnapen/)
